"Metric","Value"
"EL",16671.38947824
"VaR_95",23518567.29966
"VaR_99",27057846.006252
"CVaR_99",28862908.293792
"Asset_Correlation",0.0300564462991939
