"rating","PD","N"
"D",0.2265625,128
"CCC",0.287492221530803,1607
"B",0.254877542548775,7227
"BB",0.221729682746632,11505
"BBB",0.190962297536409,7347
"A",0.163213744315311,1979
"AA",0.120418848167539,191
"AAA",0.1875,16
